displayName,rankingSortRank,primaryPhotoThumb,location,aliasNames
Massachusetts Institute of Technology,1,https://www.usnews.com/dims4/USNEWS/5e3efc1/17177859217/thumbnail/170x170/quality/85/?url=https%3A%2F%2Fmedia.beam.usnews.com%2Fa8%2Fc5193da7eb9dcbd26e794c018ac87a%2Fcollege-photo_6935.jpg,"Cambridge, MA",MIT
Stanford University,2,https://www.usnews.com/dims4/USNEWS/df1fb51/17177859217/thumbnail/170x170/quality/85/?url=https%3A%2F%2Fmedia.beam.usnews.com%2F6d%2Fc497d367e3b5da44ac673b8f9dfbbf%2Fcollege-photo_10369.jpg,"Stanford, CA",
Princeton University,3,https://www.usnews.com/dims4/USNEWS/8a92950/17177859217/thumbnail/170x170/quality/85/?url=https%3A%2F%2Fwww.usnews.com%2Fcmsmedia%2F4a%2Fde%2Fe754e2714cae81f92edb1c7b273d%2F190827princeton-university23.jpg,"Princeton, NJ",
Harvard University,3,https://www.usnews.com/dims4/USNEWS/f631f63/17177859217/thumbnail/170x170/quality/85/?url=https%3A%2F%2Fmedia.beam.usnews.com%2F65%2F09a2103d862fb8eb15a9a6542c080b%2Fcollege-photo_8866.jpg,"Cambridge, MA",
Yale University,3,https://www.usnews.com/dims4/USNEWS/2f95732/17177859217/thumbnail/170x170/quality/85/?url=https%3A%2F%2Fmedia.beam.usnews.com%2F8f%2Ff7526019804e07ae828f06b89df8c0%2Fcollege-photo_8737.jpg,"New Haven, CT",
University of Chicago,6,https://www.usnews.com/dims4/USNEWS/d7199c2/17177859217/thumbnail/170x170/quality/85/?url=https%3A%2F%2Fmedia.beam.usnews.com%2F75%2F01990508d344ade6068974770c9b4f%2FHero-uchicago-campus.jpg,"Chicago, IL",UChicago
Johns Hopkins University,7,https://www.usnews.com/dims4/USNEWS/1295fa1/17177859217/thumbnail/170x170/quality/85/?url=https%3A%2F%2Fmedia.beam.usnews.com%2F16%2Fd110e9e042d0e4bd05b155b1be212b%2Fcollege-photo_9422.jpg,"Baltimore, MD",JHU
University of Pennsylvania,7,https://www.usnews.com/dims4/USNEWS/69b6621/17177859217/thumbnail/170x170/quality/85/?url=https%3A%2F%2Fmedia.beam.usnews.com%2F7c%2F2357eaa9bde06e03bfb80c920320a0%2Fcollege-photo_27654.jpg,"Philadelphia, PA",UPenn
California Institute of Technology,9,https://www.usnews.com/dims4/USNEWS/2c48cc9/17177859217/thumbnail/170x170/quality/85/?url=https%3A%2F%2Fmedia.beam.usnews.com%2F36%2Fb2a8b47dd2d1a501ad2f9a8338118e%2Fcollege-photo_34898.jpg,"Pasadena, CA",CalTech Cal Tech
"University of California, Berkeley",10,https://www.usnews.com/dims4/USNEWS/1a794a4/17177859217/thumbnail/170x170/quality/85/?url=https%3A%2F%2Fmedia.beam.usnews.com%2Fde%2F0d94d5e7c41f245912bce74f83a846%2Fcollege-photo_2013.jpg,"Berkeley, CA",UC Berkeley Cal Berkeley University of California Berkeley
Duke University,10,https://www.usnews.com/dims4/USNEWS/13ef7d8/17177859217/thumbnail/170x170/quality/85/?url=https%3A%2F%2Fmedia.beam.usnews.com%2F25%2F2d774e6ec10d6ad447ab9c8f3bbd63%2Fcollege-photo_35613.jpg,"Durham, NC",
Northwestern University,10,https://www.usnews.com/dims4/USNEWS/feec2b3/17177859217/thumbnail/170x170/quality/85/?url=https%3A%2F%2Fmedia.beam.usnews.com%2Fe3%2Fa8e6faf36f4bc5e57a814a6b99abce%2FNorthwestern-Hero1.jpg,"Evanston, IL",
Carnegie Mellon University,11,https://www.usnews.com/dims4/USNEWS/8bcc9b7/17177859217/thumbnail/170x170/quality/85/?url=https%3A%2F%2Fmedia.beam.usnews.com%2Fc7%2F5cc4f10c79126ea2a09bd2c7bebf75%2Fcollege-photo_33151.jpg,"Pittsburgh, PA",CMU
Cornell University,11,https://www.usnews.com/dims4/USNEWS/79fff8e/17177859217/thumbnail/170x170/quality/85/?url=https%3A%2F%2Fmedia.beam.usnews.com%2F59%2F0dd395ffda36a08c792a2b32303c7b%2Fcollege-photo_73.jpg,"Ithaca, NY",
Dartmouth College,12,https://www.usnews.com/dims4/USNEWS/27c13a4/17177859217/thumbnail/170x170/quality/85/?url=https%3A%2F%2Fmedia.beam.usnews.com%2F2e%2F78bc83f90d949c3e6286102d6dde3e%2Fcollege-photo_33512.jpg,"Hanover, NH",
Brown University,13,https://www.usnews.com/dims4/USNEWS/8c86c72/17177859217/thumbnail/170x170/quality/85/?url=https%3A%2F%2Fmedia.beam.usnews.com%2Fd1%2Ffe377768fbb26f45239bd82b4b41d0%2F20191020_COMM_coheamarketing121.png,"Providence, RI",
Vanderbilt University,13,https://www.usnews.com/dims4/USNEWS/a2267b4/17177859217/thumbnail/170x170/quality/85/?url=https%3A%2F%2Fmedia.beam.usnews.com%2F8c%2F430f3ff9ef5d24a6321b73d987d3e2%2Fcollege-photo_313.jpg,"Nashville, TN",
Rice University,15,https://www.usnews.com/dims4/USNEWS/17afa5b/17177859217/thumbnail/170x170/quality/85/?url=https%3A%2F%2Fwww.usnews.com%2Fcmsmedia%2F45%2F8c%2Fee131da64ce48f9d9b0dd1a23f68%2F210324.jpg,"Houston, TX",
Washington University in St. Louis,15,https://www.usnews.com/dims4/USNEWS/993843d/17177859217/thumbnail/170x170/quality/85/?url=https%3A%2F%2Fwww.usnews.com%2Fcmsmedia%2F49%2Fbd%2F83c356c740cc9c54b5bb41ff0c66%2F210903-submitted.jpg,"St. Louis, MO",WashU Washington University in St Louis Washington University in Saint Louis
Columbia University,18,https://www.usnews.com/dims4/USNEWS/3c88482/17177859217/thumbnail/170x170/quality/85/?url=https%3A%2F%2Fmedia.beam.usnews.com%2F1d%2F422774361a22d50cb6230e30fbeb84%2Fcollege-photo_36142.jpg,"New York, NY",
University of Notre Dame,18,https://www.usnews.com/dims4/USNEWS/0426bc4/17177859217/thumbnail/170x170/quality/85/?url=https%3A%2F%2Fmedia.beam.usnews.com%2F53%2Ffff707d9cd1e8e4d55454e57f6c8b7%2Fcollege-photo_154.jpg,"Notre Dame, IN",Notre Dame
"University of California, Los Angeles",20,https://www.usnews.com/dims4/USNEWS/207a9d2/17177859217/thumbnail/170x170/quality/85/?url=https%3A%2F%2Fmedia.beam.usnews.com%2Fa5%2Fc739f4b5f9b9473ecf5578abf290bc%2Fcollege-photo_5632.jpg,"Los Angeles, CA",UCLA University of California Los Angeles
Emory University,22,https://www.usnews.com/dims4/USNEWS/3b1a53a/17177859217/thumbnail/170x170/quality/85/?url=https%3A%2F%2Fmedia.beam.usnews.com%2Ff8%2F56795a274c65bd479f879fb22b191a%2Femory-wall.jpg,"Atlanta, GA",
Georgetown University,22,https://www.usnews.com/dims4/USNEWS/ac113a7/17177859217/thumbnail/170x170/quality/85/?url=https%3A%2F%2Fmedia.beam.usnews.com%2F12%2Fc35d6d7be388e893723c293388c519%2Fcollege-photo_27270.jpg,"Washington, DC",
University of Illinois Urbana-Champaign,23,https://www.usnews.com/dims4/USNEWS/ceb0806/17177859217/thumbnail/170x170/quality/85/?url=https%3A%2F%2Fmedia.beam.usnews.com%2F0a%2F05aead8111896ca3aba4bff3c816e3%2Fcollege-photo_12941.jpg,"Champaign, IL",University of Illinois Urbana Champaign
Georgia Institute of Technology,24,https://www.usnews.com/dims4/USNEWS/2919797/17177859217/thumbnail/170x170/quality/85/?url=https%3A%2F%2Fmedia.beam.usnews.com%2Fb7%2F3d7674f4887a909f520eb9c4d17fd1%2F16NE10500-P1-018-h.jpg,"Atlanta, GA",Georgia Tech
New York University,25,https://www.usnews.com/dims4/USNEWS/97b4e62/17177859217/thumbnail/170x170/quality/85/?url=https%3A%2F%2Fmedia.beam.usnews.com%2F9d%2Fd819230374ef6531890bb7eee1dac0%2FNYU_WSP_Header.jpg,"New York, NY",NYU
University of Michigan--Ann Arbor,25,https://www.usnews.com/dims4/USNEWS/614b6c7/17177859217/thumbnail/170x170/quality/85/?url=https%3A%2F%2Fmedia.beam.usnews.com%2F18%2F9a8520bedd7484acede46418483a33%2FUMMS_THSL_at_night.jpg,"Ann Arbor, MI",UM University of Michigan Ann Arbor
University of Southern California,25,https://www.usnews.com/dims4/USNEWS/9913178/17177859217/thumbnail/170x170/quality/85/?url=https%3A%2F%2Fmedia.beam.usnews.com%2Fd9%2Feab50c4d7d394ddf2eafc05777c45f%2Fcollege-photo_11618.jpg,"Los Angeles, CA",USC Southern Cal
University of Virginia,25,https://www.usnews.com/dims4/USNEWS/392fdee/17177859217/thumbnail/170x170/quality/85/?url=https%3A%2F%2Fmedia.beam.usnews.com%2Fcd%2Fc4797df7ab3ec18213c260c5a64502%2Fcollege-photo_2352.jpg,"Charlottesville, VA",UVA
University of Florida,29,https://www.usnews.com/dims4/USNEWS/aa1b863/17177859217/thumbnail/170x170/quality/85/?url=https%3A%2F%2Fmedia.beam.usnews.com%2Fc9%2F844457842f898f790238b07f5a20a5%2F2021-04-20_Campus-Photos-2.jpg,"Gainesville, FL",
University of North Carolina at Chapel Hill,29,https://www.usnews.com/dims4/USNEWS/d2ce5fd/17177859217/thumbnail/170x170/quality/85/?url=https%3A%2F%2Fmedia.beam.usnews.com%2Fc8%2Fc1f072147e28aabbb84a9f0d87d2e3%2Foldwell.JPG,"Chapel Hill, NC",UNC University of North Carolina Chapel Hill
Wake Forest University,29,https://www.usnews.com/dims4/USNEWS/85cc6e8/17177859217/thumbnail/170x170/quality/85/?url=https%3A%2F%2Fmedia.beam.usnews.com%2F96%2F20796e235018f451de8f0451e43f33%2Fcollege-photo_11989.jpg,"Winston-Salem, NC",
University of Washington,32,https://www.usnews.com/dims4/USNEWS/e076565/17177859217/thumbnail/170x170/quality/85/?url=https%3A%2F%2Fmedia.beam.usnews.com%2F06%2F034e31d063521a543bb42f6f2c00b6%2F_20180227_Fall-Fling_216.jpg,"Seattle, WA",
Tufts University,32,https://www.usnews.com/dims4/USNEWS/a64b31d/17177859217/thumbnail/170x170/quality/85/?url=https%3A%2F%2Fmedia.beam.usnews.com%2F2f%2Fcd373dee3a899eefd25a8e9970bed8%2F1_131021_7247_campusstock182.jpg,"Medford, MA",
"University of California, Santa Barbara",32,https://www.usnews.com/dims4/USNEWS/6c2ad30/17177859217/thumbnail/170x170/quality/85/?url=https%3A%2F%2Fmedia.beam.usnews.com%2F13%2F975f931d5bf105fd4c372243ea494b%2FUC-Santa-Barbara-_49A3469-web.jpg,"Santa Barbara, CA",UCSB UC Santa Barbara University of California Santa Barbara
"University of California, Irvine",34,https://www.usnews.com/dims4/USNEWS/5c155b2/17177859217/thumbnail/170x170/quality/85/?url=https%3A%2F%2Fmedia.beam.usnews.com%2F7c%2Ff4ad1159ac936f2c8e95c998eefd32%2FUCI_Greg_Student_Center-9.jpg,"Irvine, CA",UC Irvine UCI University of California Irvine
"University of California, San Diego",34,https://www.usnews.com/dims4/USNEWS/358fb66/17177859217/thumbnail/170x170/quality/85/?url=https%3A%2F%2Fmedia.beam.usnews.com%2F8e%2F30bc9db5b245b89c5d9063acd2ceb4%2Fcollege-photo_19990.jpg,"La Jolla, CA",UCSD University of California San Diego
Boston College,36,https://www.usnews.com/dims4/USNEWS/ff8b7c7/17177859217/thumbnail/170x170/quality/85/?url=https%3A%2F%2Fmedia.beam.usnews.com%2F6e%2Fd8a881f19b211928f27b07fa3171de%2Fcollege-photo_16949.jpg,"Chestnut Hill, MA",BC
University of Rochester,36,https://www.usnews.com/dims4/USNEWS/42f70cb/17177859217/thumbnail/170x170/quality/85/?url=https%3A%2F%2Fmedia.beam.usnews.com%2F5a%2F2887d63495624806c3c4382a318ca6%2Fcollege-photo_27480.jpg,"Rochester, NY",
"University of California, Davis",38,https://www.usnews.com/dims4/USNEWS/a2125ae/17177859217/thumbnail/170x170/quality/85/?url=https%3A%2F%2Fmedia.beam.usnews.com%2F0c%2Fec8a2b1ae32ba1d7937497c0fea02e%2Fcollege-photo_35047.jpg,"Davis, CA",UC Davis University of California Davis
University of Texas at Austin,38,https://www.usnews.com/dims4/USNEWS/8b436d8/17177859217/thumbnail/170x170/quality/85/?url=https%3A%2F%2Fwww.usnews.com%2Fcmsmedia%2Fbe%2F5e%2F6008045e418a9a9be022f2eab7ee%2Fut-austin-hero-1920x640.jpg,"Austin, TX",UT Austin University of Texas Austin
University of Wisconsin--Madison,38,https://www.usnews.com/dims4/USNEWS/c084efb/17177859217/thumbnail/170x170/quality/85/?url=https%3A%2F%2Fmedia.beam.usnews.com%2F7a%2Ff94ebe41ae2cca4b4f0118e82c486f%2Fcollege-photo_30990.jpg,"Madison, WI",University of Wisconsin Madison
Boston University,41,https://www.usnews.com/dims4/USNEWS/9a418b0/17177859217/thumbnail/170x170/quality/85/?url=https%3A%2F%2Fwww.usnews.com%2Fcmsmedia%2Fb1%2Fc7%2Fe51288a54f1ea809f330295d132d%2Fday-1-ready-1.jpg,"Boston, MA",BU
William & Mary,41,https://www.usnews.com/dims4/USNEWS/6141dba/17177859217/thumbnail/170x170/quality/85/?url=https%3A%2F%2Fmedia.beam.usnews.com%2F28%2F9522c9217db89722506ec55bb1894a%2FWren-slide.jpg,"Williamsburg, VA",William & Mary
Brandeis University,44,https://www.usnews.com/dims4/USNEWS/e05c4ca/17177859217/thumbnail/170x170/quality/85/?url=https%3A%2F%2Fmedia.beam.usnews.com%2F2a%2Fa463251ce974ebae64dd9b13f6484b%2F_MG_9777.jpg,"Waltham, MA",
Case Western Reserve University,44,https://www.usnews.com/dims4/USNEWS/f829920/17177859217/thumbnail/170x170/quality/85/?url=https%3A%2F%2Fmedia.beam.usnews.com%2F73%2F89297a497b68db55c95d4b31ef24ba%2Fcollege-photo_8808.jpg,"Cleveland, OH",
Northeastern University,44,https://www.usnews.com/dims4/USNEWS/5edce9b/17177859217/thumbnail/170x170/quality/85/?url=https%3A%2F%2Fmedia.beam.usnews.com%2F20%2F1cbbad31e6157f63445ad855fcdbaf%2Fcollege-photo_31421.jpg,"Boston, MA",
Tulane University,44,https://www.usnews.com/dims4/USNEWS/f49c505/17177859217/thumbnail/170x170/quality/85/?url=https%3A%2F%2Fmedia.beam.usnews.com%2Fa3%2F27198a7ba9d4c2909e318d3da75173%2Fcollege-photo_34989.jpg,"New Orleans, LA",
The Ohio State University,49,https://www.usnews.com/dims4/USNEWS/e7133d6/17177859217/thumbnail/170x170/quality/85/?url=https%3A%2F%2Fmedia.beam.usnews.com%2F4d%2F068670b264e2badab91987f4639cbc%2Fcollege-photo_21645.jpg,"Columbus, OH",OSU  Ohio State University Columbus
University of Georgia,49,https://www.usnews.com/dims4/USNEWS/1b3a21f/17177859217/thumbnail/170x170/quality/85/?url=https%3A%2F%2Fmedia.beam.usnews.com%2Fa9%2F59d77fa64379a3d601d963e68dadf3%2Fcollege-photo_28433.jpg,"Athens, GA",UGA
Lehigh University,51,https://www.usnews.com/dims4/USNEWS/9f9e68c/17177859217/thumbnail/170x170/quality/85/?url=https%3A%2F%2Fmedia.beam.usnews.com%2F7b%2Fa7c6a18fa04802daacbf11bcef0d79%2Fcollege-photo_35953.jpg,"Bethlehem, PA",
Purdue University--West Lafayette,51,https://www.usnews.com/dims4/USNEWS/f8bed07/17177859217/thumbnail/170x170/quality/85/?url=https%3A%2F%2Fmedia.beam.usnews.com%2F1b%2F10e3ffe142fb8c23d5128df1de75a2%2Fcollege-photo_3097.jpg,"West Lafayette, IN",Purdue University West Lafayette Purdue University West Lafayette
Rensselaer Polytechnic Institute,51,https://www.usnews.com/dims4/USNEWS/04067b4/17177859217/thumbnail/170x170/quality/85/?url=https%3A%2F%2Fwww.usnews.com%2Fcmsmedia%2F62%2Fdf%2F97c02641404cbda594288dcae2f3%2Forigstudentconnect-college.jpg,"Troy, NY",RPI
Villanova University,51,https://www.usnews.com/dims4/USNEWS/08d0c83/17177859217/thumbnail/170x170/quality/85/?url=https%3A%2F%2Fmedia.beam.usnews.com%2Fac%2Fc5781ac26261fc6a4d9fa9a8477ddd%2Fcollege-photo_35418.jpg,"Villanova, PA",
Florida State University,55,https://www.usnews.com/dims4/USNEWS/a01906b/17177859217/thumbnail/170x170/quality/85/?url=https%3A%2F%2Fmedia.beam.usnews.com%2Fbb%2F7003562f043ea2e299d5a44d9c0bbc%2F11_0241_%28011%29.jpg,"Tallahassee, FL",FSU
Pepperdine University,55,https://www.usnews.com/dims4/USNEWS/215d462/17177859217/thumbnail/170x170/quality/85/?url=https%3A%2F%2Fmedia.beam.usnews.com%2Ffe%2Fa865facc742e3b4b4c31863dd42e82%2Fcollege-photo_6515.jpg,"Malibu, CA",
Rutgers University--New Brunswick,55,https://www.usnews.com/dims4/USNEWS/bd92319/17177859217/thumbnail/170x170/quality/85/?url=https%3A%2F%2Fmedia.beam.usnews.com%2F77%2Fd63d828afc35176403318efd541d95%2Fcollege-photo_36406.jpg,"Piscataway, NJ","Rutgers University Rutgers, the State University of New Jersey New Brunswick"
Santa Clara University,55,https://www.usnews.com/dims4/USNEWS/4b73f6b/17177859217/thumbnail/170x170/quality/85/?url=https%3A%2F%2Fmedia.beam.usnews.com%2F65%2F239a8254f5a651654163bad9fee55a%2FJL160917_4111_CampusBeauty_0259.jpg,"Santa Clara, CA",
"University of Maryland, College Park",55,https://www.usnews.com/dims4/USNEWS/919418b/17177859217/thumbnail/170x170/quality/85/?url=https%3A%2F%2Fmedia.beam.usnews.com%2Fdb%2F35601f3f60a9564fed7dbb5674f765%2Fcollege-photo_23577.jpg,"College Park, MD",UMD UMCP University of Maryland College Park
University of Miami,55,https://www.usnews.com/dims4/USNEWS/b69c02d/17177859217/thumbnail/170x170/quality/85/?url=https%3A%2F%2Fmedia.beam.usnews.com%2F8d%2F3ab1f0d8509a33f8dec799faccdded%2Fcollege-photo_11206.jpg,"Coral Gables, FL",
George Washington University,62,https://www.usnews.com/dims4/USNEWS/e405a5a/17177859217/thumbnail/170x170/quality/85/?url=https%3A%2F%2Fmedia.beam.usnews.com%2F93%2F742265d75c507c9b4d74c460544823%2Fcollege-photo_25925.jpg,"Washington, DC",GW GWU
Syracuse University,62,https://www.usnews.com/dims4/USNEWS/70b0898/17177859217/thumbnail/170x170/quality/85/?url=https%3A%2F%2Fwww.usnews.com%2Fcmsmedia%2F21%2F5a%2Fcf871a134def9eb76eeaf37ba49e%2Fjmh-drone-halloflanguages-summer-00001.jpg,"Syracuse, NY",
"University of Minnesota, Twin Cities",62,https://www.usnews.com/dims4/USNEWS/dc78d1c/17177859217/thumbnail/170x170/quality/85/?url=https%3A%2F%2Fmedia.beam.usnews.com%2F1a%2F57ee27ac94e22161e9c049b7e44c48%2Fcollege-photo_25995.jpg,"Minneapolis, MN",University of Minnesota Twin Cities
University of Pittsburgh,62,https://www.usnews.com/dims4/USNEWS/46e075d/17177859217/thumbnail/170x170/quality/85/?url=https%3A%2F%2Fmedia.beam.usnews.com%2Fcb%2F27750e68ae1da0cb0935e0a9b92eba%2Fcollege-photo_31411.jpg,"Pittsburgh, PA",Pitt
Virginia Tech,62,https://www.usnews.com/dims4/USNEWS/a430031/17177859217/thumbnail/170x170/quality/85/?url=https%3A%2F%2Fmedia.beam.usnews.com%2F17%2Fdf%2Fcbd3365f48618e8ce9f9396a5e97%2F190913virginia-tech1.jpg,"Blacksburg, VA",
Texas A&M University,67,https://www.usnews.com/dims4/USNEWS/80a4006/17177859217/thumbnail/170x170/quality/85/?url=https%3A%2F%2Fmedia.beam.usnews.com%2F1c%2Fb43467b2657e9b0f6411e7d772305c%2Fcollege-photo_22984.jpg,"College Station, TX",Texas A & M University--College Station Texas A and M University--College Station Texas A&M University College Station
University of Connecticut,67,https://www.usnews.com/dims4/USNEWS/d1511a1/17177859217/thumbnail/170x170/quality/85/?url=https%3A%2F%2Fmedia.beam.usnews.com%2Fd1%2F202f4160cac59750a606d3da18307f%2Fcollege-photo_18368.jpg,"Storrs, CT",UConn
University of Massachusetts--Amherst,67,https://www.usnews.com/dims4/USNEWS/5362b80/17177859217/thumbnail/170x170/quality/85/?url=https%3A%2F%2Fmedia.beam.usnews.com%2F0b%2Fa6d5f07e506eb7bd3df0cd435e78fc%2F1_2014_08_30_Football_Gillette_js_MG_2843-48.jpg,"Amherst, MA",UMass Amherst University of Massachusetts Amherst
Worcester Polytechnic Institute,67,https://www.usnews.com/dims4/USNEWS/a9d0001/17177859217/thumbnail/170x170/quality/85/?url=https%3A%2F%2Fmedia.beam.usnews.com%2F9b%2F18766e26dfae548c231e4f11891a2c%2FWPI_photo_1.jpg,"Worcester, MA",WPI
Yeshiva University,67,https://www.usnews.com/dims4/USNEWS/b506e61/17177859217/thumbnail/170x170/quality/85/?url=https%3A%2F%2Fwww.usnews.com%2Fcmsmedia%2F6d%2F10%2Fbd1e08344b188ccb7bc27358ac27%2F1024x355-4.jpg,"New York, NY",
American University,72,https://www.usnews.com/dims4/USNEWS/82b9431/17177859217/thumbnail/170x170/quality/85/?url=https%3A%2F%2Fmedia.beam.usnews.com%2Fa5%2Fbf592471bcd3a13a8ce5b8452ca2e1%2Fcollege-photo_293.jpg,"Washington, DC",
Fordham University,72,https://www.usnews.com/dims4/USNEWS/b789dd4/17177859217/thumbnail/170x170/quality/85/?url=https%3A%2F%2Fmedia.beam.usnews.com%2F7d%2F2c660496b823f534b6a70c2e3eb2cc%2Fcollege-photo_12860.jpg,"New York, NY",
Indiana University--Bloomington,72,https://www.usnews.com/dims4/USNEWS/085e96d/17177859217/thumbnail/170x170/quality/85/?url=https%3A%2F%2Fmedia.beam.usnews.com%2F71%2Fd5039cf1209140b9105a4696b0b155%2F0001.jpg,"Bloomington, IN",IU Bloomington Indiana University Bloomington
North Carolina State University,72,https://www.usnews.com/dims4/USNEWS/88ffe78/17177859217/thumbnail/170x170/quality/85/?url=https%3A%2F%2Fmedia.beam.usnews.com%2F34%2F12%2F8fa2bd9b4d8ba84047255a13127a%2F210402-ncstate1-submitted.jpg,"Raleigh, NC",NC State North Carolina State University Raleigh
Southern Methodist University,72,https://www.usnews.com/dims4/USNEWS/fcb74b8/17177859217/thumbnail/170x170/quality/85/?url=https%3A%2F%2Fwww.usnews.com%2Fcmsmedia%2F39%2Fda%2F69d9ea624249ad57aa9f8274d0e1%2Fsmu-hero-image-1920x760.jpg,"Dallas, TX",SMU
Baylor University,77,https://www.usnews.com/dims4/USNEWS/3b19498/17177859217/thumbnail/170x170/quality/85/?url=https%3A%2F%2Fmedia.beam.usnews.com%2F8b%2Ffa3e63d95c8d04d588236fa7237b3e%2Fcollege-photo_33114.jpg,"Waco, TX",
Clemson University,77,https://www.usnews.com/dims4/USNEWS/1fe1bb0/17177859217/thumbnail/170x170/quality/85/?url=https%3A%2F%2Fmedia.beam.usnews.com%2Fc3%2F836acf068a9b227834e0adda226ac2%2FPicture1.jpg,"Clemson, SC",
Loyola Marymount University,77,https://www.usnews.com/dims4/USNEWS/7605dfe/17177859217/thumbnail/170x170/quality/85/?url=https%3A%2F%2Fwww.usnews.com%2Fcmsmedia%2Fcb%2F65%2Fe872ade240b684c6df5b23400f97%2F210910-submitted.png,"Los Angeles, CA",LMU
Michigan State University,77,https://www.usnews.com/dims4/USNEWS/5737f42/17177859217/thumbnail/170x170/quality/85/?url=https%3A%2F%2Fmedia.beam.usnews.com%2F64%2F8948b60c1375c3871898da724f2083%2Fcollege-photo_15870.jpg,"East Lansing, MI",MSU
The Pennsylvania State University,77,https://www.usnews.com/dims4/USNEWS/741ee69/17177859217/thumbnail/170x170/quality/85/?url=https%3A%2F%2Fmedia.beam.usnews.com%2F0e%2F5de474cdda2fe39ff0c60d2db0259e%2Fcollege-photo_5953.jpg,"University Park, PA",Penn State Pennsylvania State University University Park
Stony Brook University--SUNY,77,https://www.usnews.com/dims4/USNEWS/31cadc0/17177859217/thumbnail/170x170/quality/85/?url=https%3A%2F%2Fwww.usnews.com%2Fcmsmedia%2Ff3%2F1e%2F17ea0f164408baef4ef7db8fda0c%2F210331-submitted.JPG,"Stony Brook, NY",Stony Brook SUNY Stony Brook Stony Brook University SUNY
Binghamton University--SUNY,83,https://www.usnews.com/dims4/USNEWS/28819b6/17177859217/thumbnail/170x170/quality/85/?url=https%3A%2F%2Fmedia.beam.usnews.com%2F4b%2Fe2c046fb1c3ae257f28abef818079c%2Fcollege-photo_21371.jpg,"Binghamton, NY",Binghamton University SUNY Binghamton Binghamton University SUNY
Gonzaga University,83,https://www.usnews.com/dims4/USNEWS/87b30fa/17177859217/thumbnail/170x170/quality/85/?url=https%3A%2F%2Fmedia.beam.usnews.com%2Fc2%2F93f11440babd41bacc24e6cc1e8e65%2FCollege_Hall_US_News.jpg,"Spokane, WA",
Marquette University,83,https://www.usnews.com/dims4/USNEWS/f319cb0/17177859217/thumbnail/170x170/quality/85/?url=https%3A%2F%2Fmedia.beam.usnews.com%2F60%2F92652cf37cd44afa31adbfb4c9b7a3%2Fcollege-photo_7947.jpg,"Milwaukee, WI",
Stevens Institute of Technology,83,https://www.usnews.com/dims4/USNEWS/d4d2891/17177859217/thumbnail/170x170/quality/85/?url=https%3A%2F%2Fmedia.beam.usnews.com%2Fa8%2Fe21b1a4c78eec18a599763e6e6fa44%2Fcollege-photo_26182.jpg,"Hoboken, NJ",
"University of California, Santa Cruz",83,https://www.usnews.com/dims4/USNEWS/04b88f5/17177859217/thumbnail/170x170/quality/85/?url=https%3A%2F%2Fmedia.beam.usnews.com%2F8e%2Ffa0566a5854bafa34cbf50251bf6e0%2Fcollege-photo_25690.jpg,"Santa Cruz, CA",UC Santa Cruz University of California Santa Cruz
University of Iowa,83,https://www.usnews.com/dims4/USNEWS/f50a7e8/17177859217/thumbnail/170x170/quality/85/?url=https%3A%2F%2Fwww.usnews.com%2Fcmsmedia%2F0a%2Fab%2F705723444698a40a766577a58851%2F2021-09-27-pentacrest-dusk-and-blue-hour-drone-sept-2021-jatorner-0108-1.jpg,"Iowa City, IA",
Brigham Young University--Provo,89,https://www.usnews.com/dims4/USNEWS/bc09aa2/17177859217/thumbnail/170x170/quality/85/?url=https%3A%2F%2Fmedia.beam.usnews.com%2Fe1%2F58%2Fa361e0ed4fddbfa09c59660f7b98%2F190822brigham-young-university-provo6.jpg,"Provo, UT",BYU Provo Brigham Young University Provo
Colorado School of Mines,89,https://www.usnews.com/dims4/USNEWS/678b936/17177859217/thumbnail/170x170/quality/85/?url=https%3A%2F%2Fmedia.beam.usnews.com%2F2e%2F84cd5d4998a1fb0f1703eb14852539%2FHero_Shot_-_Guggenheim_a.jpg,"Golden, CO",
Elon University,89,https://www.usnews.com/dims4/USNEWS/36a01d7/17177859217/thumbnail/170x170/quality/85/?url=https%3A%2F%2Fmedia.beam.usnews.com%2F2f%2Fdba6f3f3f59a82522d737e4dfb1b65%2Fcollege-photo_27147.jpg,"Elon, NC",
Howard University,89,https://www.usnews.com/dims4/USNEWS/93d58c9/17177859217/thumbnail/170x170/quality/85/?url=https%3A%2F%2Fmedia.beam.usnews.com%2F82%2F7bbabaea5b47be61379d37af47e531%2FHowardUniversity-FoundersLibrary.jpg,"Washington, DC",HU
Texas Christian University,89,https://www.usnews.com/dims4/USNEWS/0f46e1d/17177859217/thumbnail/170x170/quality/85/?url=https%3A%2F%2Fmedia.beam.usnews.com%2Fd9%2F2474513b6fa8f7b51ceb5460d7dceb%2FIMG_0667.jpg,"Fort Worth, TX",TCU
University at Buffalo--SUNY,89,https://www.usnews.com/dims4/USNEWS/f5ad67d/17177859217/thumbnail/170x170/quality/85/?url=https%3A%2F%2Fmedia.beam.usnews.com%2F77%2Fd11664668f460e23962439d7ffadeb%2Fstadium-DJI_0047_1.jpg,"Buffalo, NY",SUNY Buffalo University at Buffalo SUNY
"University of California, Riverside",89,https://www.usnews.com/dims4/USNEWS/36756a7/17177859217/thumbnail/170x170/quality/85/?url=https%3A%2F%2Fmedia.beam.usnews.com%2F6c%2F68f3515aea1ba176103a16ba099ccf%2Fcollege-photo_13243.jpg,"Riverside, CA",UC Riverside University of California Riverside
University of Delaware,89,https://www.usnews.com/dims4/USNEWS/7de2039/17177859217/thumbnail/170x170/quality/85/?url=https%3A%2F%2Fmedia.beam.usnews.com%2F10%2F08e0c8826acc486c0de84f78b8b49d%2FCampus-043021-004.jpg,"Newark, DE",
Auburn University,97,https://www.usnews.com/dims4/USNEWS/5e047a5/17177859217/thumbnail/170x170/quality/85/?url=https%3A%2F%2Fmedia.beam.usnews.com%2Fe1%2Fc3e58114b9e270ac11d07a72b8bb7f%2Fcollege-photo_28846.jpg,"Auburn, AL",AU
Clark University,97,https://www.usnews.com/dims4/USNEWS/2de7a49/17177859217/thumbnail/170x170/quality/85/?url=https%3A%2F%2Fmedia.beam.usnews.com%2F12%2F429c6046796ef5509573c983d65433%2Fcollege-photo_20158.jpg,"Worcester, MA",
New Jersey Institute of Technology,97,https://www.usnews.com/dims4/USNEWS/b17606c/17177859217/thumbnail/170x170/quality/85/?url=https%3A%2F%2Fmedia.beam.usnews.com%2F7e%2Fb3b8e2741b92a0ea183c9bec080001%2Fcollege-photo_33255.jpg,"Newark, NJ",NJIT
"University of California, Merced",97,https://www.usnews.com/dims4/USNEWS/75b4dbe/17177859217/thumbnail/170x170/quality/85/?url=https%3A%2F%2Fmedia.beam.usnews.com%2F3a%2F7d27c65e9b048bc5df00a8b252c85e%2Fcrop-g-UCM_Campus_2020_DB_057_e.jpg,"Merced, CA",
University of Colorado Boulder,97,https://www.usnews.com/dims4/USNEWS/68954b9/17177859217/thumbnail/170x170/quality/85/?url=https%3A%2F%2Fmedia.beam.usnews.com%2Fb7%2F029f7721431e45fe47d6a961289c63%2FCUBouder_Campuslife1.JPG,"Boulder, CO",CU Boulder University of Colorado Boulder
University of Illinois--Chicago,97,https://www.usnews.com/dims4/USNEWS/904f4dd/17177859217/thumbnail/170x170/quality/85/?url=https%3A%2F%2Fmedia.beam.usnews.com%2Fe9%2F6d907501915ba1862cb6beb9b68690%2Fcollege-photo_9965.jpg,"Chicago, IL",UIC University of Illinois Chicago
University of San Diego,97,https://www.usnews.com/dims4/USNEWS/cc3d135/17177859217/thumbnail/170x170/quality/85/?url=https%3A%2F%2Fmedia.beam.usnews.com%2F20%2F6354e6a66590f99d81ea8e96f5af4d%2F140830-515_copy.jpg,"San Diego, CA",
University of South Florida,97,https://www.usnews.com/dims4/USNEWS/a511480/17177859217/thumbnail/170x170/quality/85/?url=https%3A%2F%2Fmedia.beam.usnews.com%2Ff9%2F13afce02d3e80810dced80083ce23c%2F20170818-USF-HUDDLE_%26_USF_PHOTO-22.jpg,"Tampa, FL",
Drexel University,105,https://www.usnews.com/dims4/USNEWS/7fc6b2b/17177859217/thumbnail/170x170/quality/85/?url=https%3A%2F%2Fmedia.beam.usnews.com%2Fcd%2Ff35e75d608aaf118054bf4c91d82af%2Fcollege-photo_12760.jpg,"Philadelphia, PA",
Miami University--Oxford,105,https://www.usnews.com/dims4/USNEWS/10cda4d/17177859217/thumbnail/170x170/quality/85/?url=https%3A%2F%2Fmedia.beam.usnews.com%2F02%2F2a8961add0bdcfbeeb3a8ef818719d%2Fcollege-photo_1631.jpg,"Oxford, OH",Miami University Oxford Miami University Oxford
Rochester Institute of Technology,105,https://www.usnews.com/dims4/USNEWS/ec6048a/17177859217/thumbnail/170x170/quality/85/?url=https%3A%2F%2Fmedia.beam.usnews.com%2F52%2Fc521468a279b0ea404f015c54b5b24%2Fapplied_arts_and_sciences_sm.jpg,"Rochester, NY",RIT
Saint Louis University,105,https://www.usnews.com/dims4/USNEWS/e93a048/17177859217/thumbnail/170x170/quality/85/?url=https%3A%2F%2Fmedia.beam.usnews.com%2Fae%2F6935980fac0ae17639b20b2733fcb5%2FClock-Tower.jpg,"St. Louis, MO",St Louis University Saint Louis University
SUNY College of Environmental Science and Forestry,105,https://www.usnews.com/dims4/USNEWS/a3132ee/17177859217/thumbnail/170x170/quality/85/?url=https%3A%2F%2Fmedia.beam.usnews.com%2F65%2Fab08757e1416c87923d6bd5d762ad6%2Fcollege-photo_29342.jpg,"Syracuse, NY",SUNY ESF
University of Arizona,105,https://www.usnews.com/dims4/USNEWS/86e8831/17177859217/thumbnail/170x170/quality/85/?url=https%3A%2F%2Fwww.usnews.com%2Fcmsmedia%2Fac%2Fa0%2Ff06edf2d4335874cf75a57b0132a%2F210825-submitted.jpg,"Tucson, AZ",
University of Denver,105,https://www.usnews.com/dims4/USNEWS/b612f9c/17177859217/thumbnail/170x170/quality/85/?url=https%3A%2F%2Fmedia.beam.usnews.com%2Ffc%2F5db9ea576bbc8b7ee65b92004ff322%2FNews_and_World_report_1.jpg,"Denver, CO",DU
University of Oregon,105,https://www.usnews.com/dims4/USNEWS/9702c4c/17177859217/thumbnail/170x170/quality/85/?url=https%3A%2F%2Fmedia.beam.usnews.com%2Fa2%2Fbd%2F0c1efd754071a3d7a589d1d2ca5d%2Fuo-fall-credit-universityoforegon.jpg,"Eugene, OR",
University of San Francisco,105,https://www.usnews.com/dims4/USNEWS/52a416d/17177859217/thumbnail/170x170/quality/85/?url=https%3A%2F%2Fmedia.beam.usnews.com%2Fdf%2Ffc5de6933abdd6253e6dcd84358b28%2FUSF_2018-06-11-022_HERO.jpg,"San Francisco, CA",USF
University of Utah,105,https://www.usnews.com/dims4/USNEWS/dd1232a/17177859217/thumbnail/170x170/quality/85/?url=https%3A%2F%2Fmedia.beam.usnews.com%2F5c%2F56e451b77163161894c4def98b68fd%2Fcollege-photo_20743.jpg,"Salt Lake City, UT",
Creighton University,115,https://www.usnews.com/dims4/USNEWS/2ac3c33/17177859217/thumbnail/170x170/quality/85/?url=https%3A%2F%2Fwww.usnews.com%2Fcmsmedia%2F39%2F83%2Faf2c5d5645738e9f5d50f78068a3%2Flgimage-creightonhalldusk.jpg,"Omaha, NE",
Fairfield University,115,https://www.usnews.com/dims4/USNEWS/b0b7202/17177859217/thumbnail/170x170/quality/85/?url=https%3A%2F%2Fmedia.beam.usnews.com%2Fec%2F8db67a0002f84de08839a96e53e810%2F1-Bellarmine-Hall_Hero-Image.jpg,"Fairfield, CT",
Loyola University Chicago,115,https://www.usnews.com/dims4/USNEWS/1e81a32/17177859217/thumbnail/170x170/quality/85/?url=https%3A%2F%2Fmedia.beam.usnews.com%2F9b%2Fc32187fc24665d5f56d983be171a56%2Fcollege-photo_29455.jpg,"Chicago, IL",
Rutgers University--Newark,115,https://www.usnews.com/dims4/USNEWS/f697e30/17177859217/thumbnail/170x170/quality/85/?url=https%3A%2F%2Fmedia.beam.usnews.com%2Fe2%2Fdf1e430bd929ca578704004ed2689f%2Fcollege-photo_36380.jpg,"Newark, NJ","Rutgers University Rutgers, the State University of New Jersey Newark"
University of South Carolina,115,https://www.usnews.com/dims4/USNEWS/2361c54/17177859217/thumbnail/170x170/quality/85/?url=https%3A%2F%2Fmedia.beam.usnews.com%2F6a%2F3c1a5c49f439c1cc21106a7981155b%2Fcollege-photo_19707.jpg,"Columbia, SC",USC
"University of Tennessee, Knoxville",115,https://www.usnews.com/dims4/USNEWS/d95f2a1/17177859217/thumbnail/170x170/quality/85/?url=https%3A%2F%2Fmedia.beam.usnews.com%2F78%2Faab209b61937fba4fb28a5fde2886e%2F_BP_5904.jpg,"Knoxville, TN",
Arizona State University,121,https://www.usnews.com/dims4/USNEWS/5edb98c/17177859217/thumbnail/170x170/quality/85/?url=https%3A%2F%2Fmedia.beam.usnews.com%2Fd0%2Ff2a8c0a903b07fc0670e8ae1dd4a74%2Fcollege-photo_30360.jpg,"Tempe, AZ",ASU
Chapman University,121,https://www.usnews.com/dims4/USNEWS/d3beaac/17177859217/thumbnail/170x170/quality/85/?url=https%3A%2F%2Fmedia.beam.usnews.com%2Fe0%2F41372d98ec8b0cb0e40213784b4cc0%2FCopy_of_Memorial-Lawn-2.jpg,"Orange, CA",
Temple University,121,https://www.usnews.com/dims4/USNEWS/ee91559/17177859217/thumbnail/170x170/quality/85/?url=https%3A%2F%2Fmedia.beam.usnews.com%2F42%2Fa5f3b9b7ae7fd41a960451771124c0%2Fcollege-photo_21951.jpg,"Philadelphia, PA",
University of Kansas,121,https://www.usnews.com/dims4/USNEWS/bd4e3a9/17177859217/thumbnail/170x170/quality/85/?url=https%3A%2F%2Fmedia.beam.usnews.com%2Fe0%2Fe0ca120d3a9ef1d8d4a0872ddc4c83%2Fcollege-photo_1157.jpg,"Lawrence, KS",KU
University of Missouri,121,https://www.usnews.com/dims4/USNEWS/cba0f99/17177859217/thumbnail/170x170/quality/85/?url=https%3A%2F%2Fmedia.beam.usnews.com%2Fac%2Fea309eb04f4ae7b44a52c496298468%2Fcollege-photo_36234.jpg,"Columbia, MO",Mizzou
University of Vermont,121,https://www.usnews.com/dims4/USNEWS/af8dd9a/17177859217/thumbnail/170x170/quality/85/?url=https%3A%2F%2Fmedia.beam.usnews.com%2F5f%2F51f1f719f3b97f038f11f900e05e03%2Fcollege-photo_943.jpg,"Burlington, VT",UVM
Clarkson University,127,https://www.usnews.com/dims4/USNEWS/177f01e/17177859217/thumbnail/170x170/quality/85/?url=https%3A%2F%2Fwww.usnews.com%2Fcmsmedia%2F65%2Fff%2F572555914f4f815d87159d4bf471%2F2022-graduate-commencement-21-1.jpg,"Potsdam, NY",
Gallaudet University,127,https://www.usnews.com/dims4/USNEWS/d1a4c98/17177859217/thumbnail/170x170/quality/85/?url=https%3A%2F%2Fmedia.beam.usnews.com%2F3e%2F7cc69d2a605ae1ddc15f8bfc725fc7%2Fcollege-photo_9682.jpg,"Washington, DC",
Illinois Institute of Technology,127,https://www.usnews.com/dims4/USNEWS/e009e9e/17177859217/thumbnail/170x170/quality/85/?url=https%3A%2F%2Fmedia.beam.usnews.com%2F70%2F1c%2Fad873b444082bbd6b37ca1130dfe%2F190903illinois-institute-of-technology14.jpg,"Chicago, IL",Illinois Tech IIT
Iowa State University of Science and Technology,127,https://www.usnews.com/dims4/USNEWS/75a9f21/17177859217/thumbnail/170x170/quality/85/?url=https%3A%2F%2Fmedia.beam.usnews.com%2Fad%2Fe457136a85b0ecb6e658b7f1ccec60%2Fcollege-photo_252.jpg,"Ames, IA",
The New School,127,https://www.usnews.com/dims4/USNEWS/a360885/17177859217/thumbnail/170x170/quality/85/?url=https%3A%2F%2Fmedia.beam.usnews.com%2Fbf%2F16f87d79e20b7e3ad8dc2eaa381465%2Fcollege-photo_14324.jpg,"New York, NY",
Rutgers University--Camden,127,https://www.usnews.com/dims4/USNEWS/e248769/17177859217/thumbnail/170x170/quality/85/?url=https%3A%2F%2Fmedia.beam.usnews.com%2F09%2F63b49f50e937baa161efa96c9dbe99%2Fcollege-photo_36064.jpg,"Camden, NJ","Rutgers University Rutgers, the State University of New Jersey Camden"
Samford University,127,https://www.usnews.com/dims4/USNEWS/382a971/17177859217/thumbnail/170x170/quality/85/?url=https%3A%2F%2Fmedia.beam.usnews.com%2F22%2Fa990aa37078c714b185ad43655c697%2Fcollege-photo_8613.jpg,"Birmingham, AL",
Thomas Jefferson University,127,https://www.usnews.com/dims4/USNEWS/d84bbdf/17177859217/thumbnail/170x170/quality/85/?url=https%3A%2F%2Fmedia.beam.usnews.com%2F4a%2Fa63cde11784a8a916da918d8359e7c%2Fcollege-photo_36792.jpg,"Philadelphia, PA",
University of Dayton,127,https://www.usnews.com/dims4/USNEWS/ebdc8e4/17177859217/thumbnail/170x170/quality/85/?url=https%3A%2F%2Fmedia.beam.usnews.com%2F3d%2F62d00da6aed164ca2540c6c42a4841%2FUDayton_1.jpg,"Dayton, OH",
University of Oklahoma,127,https://www.usnews.com/dims4/USNEWS/34a922a/17177859217/thumbnail/170x170/quality/85/?url=https%3A%2F%2Fmedia.beam.usnews.com%2F05%2F2dc988b4a19627c434b183045500aa%2Fcollege-photo_13004.jpg,"Norman, OK",
California State University--Long Beach,137,https://www.usnews.com/dims4/USNEWS/341258c/17177859217/thumbnail/170x170/quality/85/?url=https%3A%2F%2Fmedia.beam.usnews.com%2F6e%2F7c383f8071dbdf27bf5039cfea27f5%2FGo-Beach_046.jpg,"Long Beach, CA",Cal State University Long Beach California State University Long Beach
DePaul University,137,https://www.usnews.com/dims4/USNEWS/069daaf/17177859217/thumbnail/170x170/quality/85/?url=https%3A%2F%2Fwww.usnews.com%2Fcmsmedia%2Fe1%2Fb3%2Fcd20aa0a4374bae18edf0f8adb6a%2Forigstudentconnect-college.jpg,"Chicago, IL",
Drake University,137,https://www.usnews.com/dims4/USNEWS/3537fb6/17177859217/thumbnail/170x170/quality/85/?url=https%3A%2F%2Fmedia.beam.usnews.com%2F7a%2F97dcb50aaad6bc26deb8f3b85ef78d%2Fcollege-photo_28294.jpg,"Des Moines, IA",
George Mason University,137,https://www.usnews.com/dims4/USNEWS/60afc9d/17177859217/thumbnail/170x170/quality/85/?url=https%3A%2F%2Fmedia.beam.usnews.com%2F17%2Fe5dab018c1e37b367bf01ebfad19a9%2F200522100resize.jpg,"Fairfax, VA",GMU
Seattle University,137,https://www.usnews.com/dims4/USNEWS/c528f22/17177859217/thumbnail/170x170/quality/85/?url=https%3A%2F%2Fmedia.beam.usnews.com%2Fd4%2Fe54477b2df6447c376dfc30f9898f4%2FSeattleU-53.JPG,"Seattle, WA",SU
Seton Hall University,137,https://www.usnews.com/dims4/USNEWS/85967aa/17177859217/thumbnail/170x170/quality/85/?url=https%3A%2F%2Fwww.usnews.com%2Fcmsmedia%2F13%2Fd7%2Fc3d5438047ec9a51bc56fec0532b%2Fshu-778-panox1920x760.jpg,"South Orange, NJ",
University of Alabama,137,https://www.usnews.com/dims4/USNEWS/1e5ddbd/17177859217/thumbnail/170x170/quality/85/?url=https%3A%2F%2Fmedia.beam.usnews.com%2Ff5%2Ff5%2Fc151160f43f69ca6ea9587abe22a%2F190830university-of-alabama0.jpg,"Tuscaloosa, AL",
University of Alabama at Birmingham,137,https://www.usnews.com/dims4/USNEWS/9454090/17177859217/thumbnail/170x170/quality/85/?url=https%3A%2F%2Fmedia.beam.usnews.com%2F30%2F09a5b34c4fa3a81530dcb48b57fc70%2Fcollege-photo_12935.jpg,"Birmingham, AL",UAB University of Alabama Birmingham
University of Central Florida,137,https://www.usnews.com/dims4/USNEWS/7c16354/17177859217/thumbnail/170x170/quality/85/?url=https%3A%2F%2Fmedia.beam.usnews.com%2Fd5%2Ff4ffeeb4fbffe03e2525c316867e95%2Fucf_41566218.jpg,"Orlando, FL",UCF
University of Kentucky,137,https://www.usnews.com/dims4/USNEWS/6ac5ab6/17177859217/thumbnail/170x170/quality/85/?url=https%3A%2F%2Fmedia.beam.usnews.com%2Fcc%2F8ff23e604e39fdb0f946d4ac03727d%2Fcollege-photo_21807.jpg,"Lexington, KY",
"University of Maryland, Baltimore County",137,https://www.usnews.com/dims4/USNEWS/4cee04a/17177859217/thumbnail/170x170/quality/85/?url=https%3A%2F%2Fmedia.beam.usnews.com%2F6c%2F746b06e545effec5a09e0b2e62d0f7%2Fcollege-photo_36071.jpg,"Baltimore, MD",UMBC University of Maryland Baltimore County
University of New Hampshire,137,https://www.usnews.com/dims4/USNEWS/0d3eca4/17177859217/thumbnail/170x170/quality/85/?url=https%3A%2F%2Fmedia.beam.usnews.com%2Fde%2F9b3ac6e109f791ca921b8ea352543b%2Fcollege-photo_27971.jpg,"Durham, NH",UNH
University of St. Thomas (MN),137,https://www.usnews.com/dims4/USNEWS/bbf97c6/17177859217/thumbnail/170x170/quality/85/?url=https%3A%2F%2Fmedia.beam.usnews.com%2Ff8%2Fd7989a59024cbce6ea2d66d78b84da%2FSt._Thomas_hero_image_1920x1080.jpg,"St. Paul, MN",University of St Thomas University of Saint Thomas
University of Tulsa,137,https://www.usnews.com/dims4/USNEWS/fbc6aa7/17177859217/thumbnail/170x170/quality/85/?url=https%3A%2F%2Fmedia.beam.usnews.com%2Fce%2F8f5830310a0ee281c7bf1b31c6369a%2Fcollege-photo_20596.jpg,"Tulsa, OK",
Colorado State University,151,https://www.usnews.com/dims4/USNEWS/b525c23/17177859217/thumbnail/170x170/quality/85/?url=https%3A%2F%2Fmedia.beam.usnews.com%2F1b%2F39c7b12c21620c4da4701c48ca0786%2F23017_06884.jpg,"Fort Collins, CO",
CUNY--City College,151,https://www.usnews.com/dims4/USNEWS/ce297b4/17177859217/thumbnail/170x170/quality/85/?url=https%3A%2F%2Fmedia.beam.usnews.com%2Fdc%2F92c8f6868242a02f5a5c8302803826%2Fcollege-photo_6100.jpg,"New York, NY",CUNY City College CUNY City College
Duquesne University,151,https://www.usnews.com/dims4/USNEWS/ac85ce0/17177859217/thumbnail/170x170/quality/85/?url=https%3A%2F%2Fmedia.beam.usnews.com%2F57%2F7d78fcf1382ba8c210dbe6ab3dae11%2Fcollege-photo_18781.jpg,"Pittsburgh, PA",
Florida International University,151,https://www.usnews.com/dims4/USNEWS/fb36b65/17177859217/thumbnail/170x170/quality/85/?url=https%3A%2F%2Fmedia.beam.usnews.com%2Fa2%2F2dc99dc14a7b3a372776a3bc7957ff%2FScreen_Shot_2020-09-30_at_5.12.32_PM.png,"Miami, FL",FIU
James Madison University,151,https://www.usnews.com/dims4/USNEWS/6bf02b6/17177859217/thumbnail/170x170/quality/85/?url=https%3A%2F%2Fmedia.beam.usnews.com%2Fe8%2Ffa%2F1d740c164194b6b13a751f97b1d7%2F190830james-madison-university13.jpg,"Harrisonburg, VA",JMU
Michigan Technological University,151,https://www.usnews.com/dims4/USNEWS/66661ac/17177859217/thumbnail/170x170/quality/85/?url=https%3A%2F%2Fmedia.beam.usnews.com%2Fa6%2Fc3%2F896aa01f468f894c5d8fd5e5addc%2F190903michigan-technological-university15.jpg,"Houghton, MI",
Oregon State University,151,https://www.usnews.com/dims4/USNEWS/ff5e7a9/17177859217/thumbnail/170x170/quality/85/?url=https%3A%2F%2Fmedia.beam.usnews.com%2F18%2Fae9b41ecff0c371c7a130859c1c2ec%2Fcollege-photo_20198.jpg,"Corvallis, OR",
San Diego State University,151,https://www.usnews.com/dims4/USNEWS/18908b0/17177859217/thumbnail/170x170/quality/85/?url=https%3A%2F%2Fwww.usnews.com%2Fcmsmedia%2Fd0%2F65%2F8a69cd6b4bea83b27cc6d5020342%2Fsdsu-custom-hero-1920x760px.jpg,"San Diego, CA",SDSU
Simmons University,151,https://www.usnews.com/dims4/USNEWS/b791a86/17177859217/thumbnail/170x170/quality/85/?url=https%3A%2F%2Fmedia.beam.usnews.com%2F04%2F6113452e0cd70ab6b5ff925c80e93a%2Fcollege-photo_6564.jpg,"Boston, MA",
University of Cincinnati,151,https://www.usnews.com/dims4/USNEWS/34b908f/17177859217/thumbnail/170x170/quality/85/?url=https%3A%2F%2Fmedia.beam.usnews.com%2F66%2F6035914dbead0a6776e6610cca02b0%2Fcollege-photo_32541.jpg,"Cincinnati, OH",
University of La Verne,151,https://www.usnews.com/dims4/USNEWS/21bb304/17177859217/thumbnail/170x170/quality/85/?url=https%3A%2F%2Fwww.usnews.com%2Fcmsmedia%2F9e%2F83%2F0a2c857d43cf85c26a3d84f0f01d%2Fhero-image-1920x760-1.jpg,"La Verne, CA",
University of Mississippi,151,https://www.usnews.com/dims4/USNEWS/f6e61ab/17177859217/thumbnail/170x170/quality/85/?url=https%3A%2F%2Fmedia.beam.usnews.com%2Fd9%2F65d1ab859c99e837d4a16f1b1e41b2%2Fcollege-photo_19940.jpg,"University, MS",Ole Miss
University of Nebraska -- Lincoln,151,https://www.usnews.com/dims4/USNEWS/3130472/17177859217/thumbnail/170x170/quality/85/?url=https%3A%2F%2Fmedia.beam.usnews.com%2Fa8%2Fcb2a25ab453411f161360628588545%2Fcollege-photo_35461.jpg,"Lincoln, NE",University of Nebraska Lincoln
The University of Texas at Dallas,151,https://www.usnews.com/dims4/USNEWS/531c16d/17177859217/thumbnail/170x170/quality/85/?url=https%3A%2F%2Fmedia.beam.usnews.com%2Fcc%2F8641043a909b438377e2779492e1a1%2Fcollege-photo_33942.jpg,"Richardson, TX",University of Texas Dallas
University of the Pacific,151,https://www.usnews.com/dims4/USNEWS/722eb21/17177859217/thumbnail/170x170/quality/85/?url=https%3A%2F%2Fmedia.beam.usnews.com%2F94%2F88ba29780da34f20cee16449c9ecfa%2Fcollege-photo_3876.jpg,"Stockton, CA",
Bradley University,166,https://www.usnews.com/dims4/USNEWS/b9fb4d5/17177859217/thumbnail/170x170/quality/85/?url=https%3A%2F%2Fmedia.beam.usnews.com%2F82%2Fa687e6047f141e66e22b94c48fc3b3%2Fcollege-photo_9520.jpg,"Peoria, IL",
California State University--Fullerton,166,https://www.usnews.com/dims4/USNEWS/cc439d9/17177859217/thumbnail/170x170/quality/85/?url=https%3A%2F%2Fmedia.beam.usnews.com%2Ff7%2F2f1ba4a38bd2d4a8d7fb7f634f4947%2Fcollege-photo_23456.jpg,"Fullerton, CA",Cal State University Fullerton California State University Fullerton
Hofstra University,166,https://www.usnews.com/dims4/USNEWS/7cb8df9/17177859217/thumbnail/170x170/quality/85/?url=https%3A%2F%2Fmedia.beam.usnews.com%2Fef%2Fff104d1c426ffd58845ce5fcda6757%2Fcollege-photo_32913.jpg,"Hempstead, NY",
Kansas State University,166,https://www.usnews.com/dims4/USNEWS/3fea056/17177859217/thumbnail/170x170/quality/85/?url=https%3A%2F%2Fmedia.beam.usnews.com%2Fb1%2Fb6d8dc2ef55dc9b7953d02a9fa9104%2Fcollege-photo_14242.jpg,"Manhattan, KS",
Mercer University,166,https://www.usnews.com/dims4/USNEWS/1c36d23/17177859217/thumbnail/170x170/quality/85/?url=https%3A%2F%2Fmedia.beam.usnews.com%2F0f%2F30b2cd8814d187a42334cdbdb2b157%2Fcollege-photo_30670.jpg,"Macon, GA",
Quinnipiac University,166,https://www.usnews.com/dims4/USNEWS/c7d496f/17177859217/thumbnail/170x170/quality/85/?url=https%3A%2F%2Fmedia.beam.usnews.com%2F4f%2Fe1aaab103d3e950e698d0d7a02acfe%2F20181025-fall-quad-001.jpg,"Hamden, CT",
St. John's University (NY),166,https://www.usnews.com/dims4/USNEWS/7e4d371/17177859217/thumbnail/170x170/quality/85/?url=https%3A%2F%2Fmedia.beam.usnews.com%2Fc5%2F18499e6e10ed6c3b8df8eeb1168466%2FSJU_Spring2018-028.jpg,"Queens, NY",St John's University Saint John's University St Johns University Saint Johns University St. Johns University
University of Hawaii at Manoa,166,https://www.usnews.com/dims4/USNEWS/35d791f/17177859217/thumbnail/170x170/quality/85/?url=https%3A%2F%2Fmedia.beam.usnews.com%2Ff9%2F1a980f168271a41b9f43a932298607%2FHawaii_Hall_4MB.jpg,"Honolulu, HI",UH Manoa University of Hawaii Manoa
Virginia Commonwealth University,166,https://www.usnews.com/dims4/USNEWS/5343416/17177859217/thumbnail/170x170/quality/85/?url=https%3A%2F%2Fmedia.beam.usnews.com%2F60%2Ff2%2Fc474c46a44eea59b2bc454d687d9%2Fvcu-instituteforcontemporaryart.png,"Richmond, VA",VCU
Xavier University,166,https://www.usnews.com/dims4/USNEWS/4a3d4ec/17177859217/thumbnail/170x170/quality/85/?url=https%3A%2F%2Fmedia.beam.usnews.com%2Fcf%2F437b343d16f1a68431466b2af0bb06%2Fcollege-photo_35813.jpg,"Cincinnati, OH",
The Catholic University of America,176,https://www.usnews.com/dims4/USNEWS/3536412/17177859217/thumbnail/170x170/quality/85/?url=https%3A%2F%2Fwww.usnews.com%2Fcmsmedia%2F5f%2F59%2F7e419cfa4a8db1e7314bdfb6aafb%2F210730-73021-heroimagepng-submitted.png,"Washington, DC",CUA
Louisiana State University--Baton Rouge,176,https://www.usnews.com/dims4/USNEWS/4038914/17177859217/thumbnail/170x170/quality/85/?url=https%3A%2F%2Fmedia.beam.usnews.com%2F8e%2F7768f4b049a11810e6eb61ccc8bf36%2Fcollege-photo_33084.jpg,"Baton Rouge, LA",LSU Baton Rouge Louisiana State University Baton Rouge Louisiana State University Baton Rouge
University of Arkansas,176,https://www.usnews.com/dims4/USNEWS/c86738f/17177859217/thumbnail/170x170/quality/85/?url=https%3A%2F%2Fmedia.beam.usnews.com%2F34%2F5344e8b46d580ced69018363e831e9%2Fcollege-photo_22755.jpg,"Fayetteville, AR",
University of Idaho,176,https://www.usnews.com/dims4/USNEWS/2056070/17177859217/thumbnail/170x170/quality/85/?url=https%3A%2F%2Fwww.usnews.com%2Fcmsmedia%2Fd8%2F2e%2F55eb7f1e43fd90528f0c8c60851c%2Fidaho-hero-fy21-403002576-mh07-0018.jpg,"Moscow, ID",
University of Massachusetts--Lowell,176,https://www.usnews.com/dims4/USNEWS/9c62837/17177859217/thumbnail/170x170/quality/85/?url=https%3A%2F%2Fmedia.beam.usnews.com%2Fff%2F6037107e2b079d7f4557cdf0894b43%2Faerial-lowell.jpg,"Lowell, MA",UMass University of Massachusetts Lowell
Valparaiso University,176,https://www.usnews.com/dims4/USNEWS/617f642/17177859217/thumbnail/170x170/quality/85/?url=https%3A%2F%2Fmedia.beam.usnews.com%2Fd9%2F62cdb0e69f3a62215a29a694be8e1a%2Fcollege-photo_11634.jpg,"Valparaiso, IN",Valpo
Adelphi University,182,https://www.usnews.com/dims4/USNEWS/7523e25/17177859217/thumbnail/170x170/quality/85/?url=https%3A%2F%2Fmedia.beam.usnews.com%2Ff3%2F22be9e669abf6493ab475fccbe64a5%2Fcollege-photo_37212.jpg,"Garden City, NY",
Belmont University,182,https://www.usnews.com/dims4/USNEWS/a50c26d/17177859217/thumbnail/170x170/quality/85/?url=https%3A%2F%2Fmedia.beam.usnews.com%2Fe4%2Fe6%2Fa422be6b4ed993f936b7fc9d3ccf%2F190816belmont-university1.jpg,"Nashville, TN",
Missouri University of Science and Technology,182,https://www.usnews.com/dims4/USNEWS/b2b3fc5/17177859217/thumbnail/170x170/quality/85/?url=https%3A%2F%2Fmedia.beam.usnews.com%2Fa6%2Ffe16b681d1cb675b9101e02e54ca21%2Fcollege-photo_31627.jpg,"Rolla, MO",Missouri University of Science and Technology
Montclair State University,182,https://www.usnews.com/dims4/USNEWS/1a633d3/17177859217/thumbnail/170x170/quality/85/?url=https%3A%2F%2Fmedia.beam.usnews.com%2F01%2F47a810c90d878753143c211f4e7246%2F090721_7586_Students_Campus.jpg,"Montclair, NJ",
Ohio University,182,https://www.usnews.com/dims4/USNEWS/97d49b1/17177859217/thumbnail/170x170/quality/85/?url=https%3A%2F%2Fmedia.beam.usnews.com%2F2e%2Ff3588f8b4464b8c6a3f215f4213eff%2F20120604class_gateway_bws.jpg,"Athens, OH",OU
Oklahoma State University,182,https://www.usnews.com/dims4/USNEWS/5ea90ec/17177859217/thumbnail/170x170/quality/85/?url=https%3A%2F%2Fmedia.beam.usnews.com%2Fe8%2Fe04da21560ee2dd2db580da410207b%2Fedmond_low.jpg,"Stillwater, OK",OSU
Stockton University,182,https://www.usnews.com/dims4/USNEWS/5abb7b2/17177859217/thumbnail/170x170/quality/85/?url=https%3A%2F%2Fmedia.beam.usnews.com%2F9d%2F80b37f2e8b680d342156d687a5f530%2Fcollege-photo_23969.jpg,"Galloway, NJ",
Touro University,182,https://www.usnews.com/dims4/USNEWS/fdda2d3/17177859217/thumbnail/170x170/quality/85/?url=https%3A%2F%2Fmedia.beam.usnews.com%2F08%2F5bd287300373570c5c5a277837188d%2Fcollege-photo_19571.jpg,"New York, NY",
University at Albany--SUNY,182,https://www.usnews.com/dims4/USNEWS/caeee09/17177859217/thumbnail/170x170/quality/85/?url=https%3A%2F%2Fmedia.beam.usnews.com%2F71%2F1dd9b5e7c6692cf7b39b8d7a290e87%2Fcollege-photo_23213.jpg,"Albany, NY",SUNY Albany University at Albany SUNY
University of Houston,182,https://www.usnews.com/dims4/USNEWS/ced7483/17177859217/thumbnail/170x170/quality/85/?url=https%3A%2F%2Fmedia.beam.usnews.com%2F0e%2Fbc2b83427550af141aa26c40835fab%2FCampus_Buildings_Night_Pano_19NOV19_00025A.JPG,"Houston, TX",
University of Louisville,182,https://www.usnews.com/dims4/USNEWS/1792c7a/17177859217/thumbnail/170x170/quality/85/?url=https%3A%2F%2Fmedia.beam.usnews.com%2F55%2Fb5e0ba054b3c201e11a2742b464e96%2Fcollege-photo_2740.jpg,"Louisville, KY",
University of Rhode Island,182,https://www.usnews.com/dims4/USNEWS/004713b/17177859217/thumbnail/170x170/quality/85/?url=https%3A%2F%2Fmedia.beam.usnews.com%2F2e%2F59556432de86ff4f1ed552cdbfca20%2Fcollege-photo_1461.jpg,"Kingston, RI",URI
Biola University,194,https://www.usnews.com/dims4/USNEWS/56691f5/17177859217/thumbnail/170x170/quality/85/?url=https%3A%2F%2Fmedia.beam.usnews.com%2Fe0%2F45f6af4e1d6817631e2ad2e9f52ca4%2Fbiolaucm_42154006264.jpg,"La Mirada, CA",
California State University--San Bernardino,194,https://www.usnews.com/dims4/USNEWS/9fc9209/17177859217/thumbnail/170x170/quality/85/?url=https%3A%2F%2Fmedia.beam.usnews.com%2F69%2F17%2Fbecffa25414a88f89b721aae7ec9%2F190826california-state-university-san-bernardino0.jpg,"San Bernardino, CA",Cal State University San Bernardino California State University San Bernardino
Chatham University,194,https://www.usnews.com/dims4/USNEWS/2048bf1/17177859217/thumbnail/170x170/quality/85/?url=https%3A%2F%2Fmedia.beam.usnews.com%2Fea%2Fa84bbd3979d7b125c32c6d84b88e3c%2Fcollege-photo_2215.jpg,"Pittsburgh, PA",
Mississippi State University,194,https://www.usnews.com/dims4/USNEWS/5cfc38c/17177859217/thumbnail/170x170/quality/85/?url=https%3A%2F%2Fmedia.beam.usnews.com%2F7f%2F61f2e669e17f1fa5b20f30cbb1e9ae%2Fcollege-photo_8631.jpg,"Mississippi State, MS",
Pacific University,194,https://www.usnews.com/dims4/USNEWS/b439436/17177859217/thumbnail/170x170/quality/85/?url=https%3A%2F%2Fmedia.beam.usnews.com%2F98%2F94599dd82347cf16bbe93895acf6ee%2Fcollege-photo_10957.jpg,"Forest Grove, OR",
Robert Morris University,194,https://www.usnews.com/dims4/USNEWS/7eace0d/17177859217/thumbnail/170x170/quality/85/?url=https%3A%2F%2Fmedia.beam.usnews.com%2F38%2F69%2F5a3339004cc5a4eda38c89c28350%2F190821robert-morris-university1.jpg,"Moon Township, PA",
Rowan University,194,https://www.usnews.com/dims4/USNEWS/4215468/17177859217/thumbnail/170x170/quality/85/?url=https%3A%2F%2Fmedia.beam.usnews.com%2F30%2F452309eaf9fa3da4f84d50255743d1%2FRowan-Biomedical_Eng_Contact_Drug_Delivery_012.jpg,"Glassboro, NJ",
Union University,194,https://www.usnews.com/dims4/USNEWS/25a1c8e/17177859217/thumbnail/170x170/quality/85/?url=https%3A%2F%2Fmedia.beam.usnews.com%2F19%2Fcf2852407eead8dd5296bfc3982c35%2Fcollege-photo_37141.jpg,"Jackson, TN",
Florida A&M University,202,,"Tallahassee, FL",Florida A & M Florida A and M FAM
Florida Institute of Technology,202,https://www.usnews.com/dims4/USNEWS/6af7fbb/17177859217/thumbnail/170x170/quality/85/?url=https%3A%2F%2Fwww.usnews.com%2Fcmsmedia%2Ff7%2F68%2F7f14289f4df09ba7f7206f7afb32%2Foec-crop.png,"Melbourne, FL",Florida Tech
Indiana University-Purdue University--Indianapolis,202,https://www.usnews.com/dims4/USNEWS/a01e0a9/17177859217/thumbnail/170x170/quality/85/?url=https%3A%2F%2Fmedia.beam.usnews.com%2Fad%2F105679e1b3fba5313bcaa721a19711%2F20160714_Campus_Center_Night_LK-121.jpg,"Indianapolis, IN",IUPUI Indiana University-Purdue University Indianapolis Indiana University Purdue University Indianapolis
La Salle University,202,https://www.usnews.com/dims4/USNEWS/e334bbc/17177859217/thumbnail/170x170/quality/85/?url=https%3A%2F%2Fmedia.beam.usnews.com%2Ff3%2Fe8b721c5ff306dcf170ea6aadbe92f%2Fcollege-photo_19187.jpg,"Philadelphia, PA",LaSalle University
Loyola University New Orleans,202,https://www.usnews.com/dims4/USNEWS/3fc53b8/17177859217/thumbnail/170x170/quality/85/?url=https%3A%2F%2Fmedia.beam.usnews.com%2F07%2F80b03b93dada67b65f837abf9f0b1c%2Fcollege-photo_20565.jpg,"New Orleans, LA",
Springfield College,202,https://www.usnews.com/dims4/USNEWS/dea50c6/17177859217/thumbnail/170x170/quality/85/?url=https%3A%2F%2Fmedia.beam.usnews.com%2Fb9%2Ff861026bf1ace92635847ca8278e7c%2F01sunrise.JPG,"Springfield, MA",
St. John Fisher University,202,https://www.usnews.com/dims4/USNEWS/450d6e9/17177859217/thumbnail/170x170/quality/85/?url=https%3A%2F%2Fmedia.beam.usnews.com%2F59%2F164a00992645168eb8c07421a9819d%2Fcollege-photo_2053.jpg,"Rochester, NY",St John Fisher College Saint John Fisher College
University of Detroit Mercy,202,https://www.usnews.com/dims4/USNEWS/efd5d73/17177859217/thumbnail/170x170/quality/85/?url=https%3A%2F%2Fmedia.beam.usnews.com%2Fc0%2Fd3195da6c8b1b53664827ca937a0b1%2Fcollege-photo_4112.jpg,"Detroit, MI",
University of North Carolina--Wilmington,202,https://www.usnews.com/dims4/USNEWS/5864b52/17177859217/thumbnail/170x170/quality/85/?url=https%3A%2F%2Fwww.usnews.com%2Fcmsmedia%2F09%2Fe4%2Fbc3f6550447cae20421ea3701d2b%2F210825-submitted.jpg,"Wilmington, NC",UNC University of North Carolina Wilmington
University of Wyoming,202,,"Laramie, WY",
Ball State University,212,https://www.usnews.com/dims4/USNEWS/d148466/17177859217/thumbnail/170x170/quality/85/?url=https%3A%2F%2Fmedia.beam.usnews.com%2Fc6%2F7c4b63f23cb00467ffffbf01e50ed7%2Fcollege-photo_1385.jpg,"Muncie, IN",
Bethel University (MN),212,,"St. Paul, MN",
Kent State University,212,https://www.usnews.com/dims4/USNEWS/53aa95e/17177859217/thumbnail/170x170/quality/85/?url=https%3A%2F%2Fmedia.beam.usnews.com%2Fdb%2F08c9af43bf051a1dbed77382f1f5f6%2FCAMPUS-B0B_0985.jpg,"Kent, OH",
Lipscomb University,212,https://www.usnews.com/dims4/USNEWS/714bcd5/17177859217/thumbnail/170x170/quality/85/?url=https%3A%2F%2Fmedia.beam.usnews.com%2F55%2F14eebaa45cb9aaf473a4c7f0608a25%2F2021_Campus_aerial_0549c.jpg,"Nashville, TN",
University of Missouri--St. Louis,212,https://www.usnews.com/dims4/USNEWS/0e603d0/17177859217/thumbnail/170x170/quality/85/?url=https%3A%2F%2Fmedia.beam.usnews.com%2Fe5%2Fc39f9cc82cf2fc38215d70cd70a989%2Fcollege-photo_6729.jpg,"St. Louis, MO",University of Missouri St. Louis
University of New Mexico,212,https://www.usnews.com/dims4/USNEWS/c5388ab/17177859217/thumbnail/170x170/quality/85/?url=https%3A%2F%2Fmedia.beam.usnews.com%2F2a%2F7a60869d82f635300e20054dbdb24a%2Fcollege-photo_21160.jpg,"Albuquerque, NM",
Washington State University,212,https://www.usnews.com/dims4/USNEWS/c35e3b7/17177859217/thumbnail/170x170/quality/85/?url=https%3A%2F%2Fmedia.beam.usnews.com%2F99%2F7a961effc21d2b440fab065b5dc6b1%2Fcollege-photo_8117.jpg,"Pullman, WA",
Hampton University,219,https://www.usnews.com/dims4/USNEWS/728f37e/17177859217/thumbnail/170x170/quality/85/?url=https%3A%2F%2Fmedia.beam.usnews.com%2F85%2F6ea21a6e031cb227492b6fe018697c%2Fcollege-photo_10393.jpg,"Hampton, VA",HU
Illinois State University,219,https://www.usnews.com/dims4/USNEWS/4223d3e/17177859217/thumbnail/170x170/quality/85/?url=https%3A%2F%2Fmedia.beam.usnews.com%2F03%2Fb82c56888c518ee8daad97bb3e1aba%2Fcollege-photo_16342.jpg,"Normal, IL",
Keiser University,219,https://www.usnews.com/dims4/USNEWS/2ec784f/17177859217/thumbnail/170x170/quality/85/?url=https%3A%2F%2Fmedia.beam.usnews.com%2F09%2F9956410dc0c755009a67e3c14bbaac%2Fcollege-photo_32057.jpg,"Ft. Lauderdale, FL",
Misericordia University,219,https://www.usnews.com/dims4/USNEWS/69fd431/17177859217/thumbnail/170x170/quality/85/?url=https%3A%2F%2Fmedia.beam.usnews.com%2Fea%2Fe1d9615c76670ea4e6ea9744a95746%2Fcollege-photo_17205.jpg,"Dallas, PA",
Nova Southeastern University,219,https://www.usnews.com/dims4/USNEWS/8797c85/17177859217/thumbnail/170x170/quality/85/?url=https%3A%2F%2Fmedia.beam.usnews.com%2F2f%2F99242a2e5b9fff793a8d07cd567587%2FUR_20171109_1972.jpg,"Ft. Lauderdale, FL",
Russell Sage College,219,https://www.usnews.com/dims4/USNEWS/1d7b431/17177859217/thumbnail/170x170/quality/85/?url=https%3A%2F%2Fmedia.beam.usnews.com%2Fd7%2F46%2F6cb689814d5dab13cb02f1efc6d1%2F190830the-sage-colleges0.jpg,"Troy, NY",
Sacred Heart University,219,https://www.usnews.com/dims4/USNEWS/50c64f2/17177859217/thumbnail/170x170/quality/85/?url=https%3A%2F%2Fmedia.beam.usnews.com%2F91%2F988116e9bc3d1c2f00164522f22178%2FSHU_Upper_Quad_1400x500.jpg,"Fairfield, CT",
Seattle Pacific University,219,https://www.usnews.com/dims4/USNEWS/31cc38d/17177859217/thumbnail/170x170/quality/85/?url=https%3A%2F%2Fmedia.beam.usnews.com%2F11%2F548b851e3b4d286bf7cae98ee815fb%2Fcollege-photo_32487.jpg,"Seattle, WA",
Texas Tech University,219,https://www.usnews.com/dims4/USNEWS/f3e4054/17177859217/thumbnail/170x170/quality/85/?url=https%3A%2F%2Fmedia.beam.usnews.com%2Fcf%2Fd066a587de2bfacbc707bc61a6dfda%2FTTU.Hero.Image.png,"Lubbock, TX",
University of Colorado Denver,219,https://www.usnews.com/dims4/USNEWS/32b3f73/17177859217/thumbnail/170x170/quality/85/?url=https%3A%2F%2Fwww.usnews.com%2Fcmsmedia%2F54%2F1b%2F897eadfe41a3899f1d9c4aef1742%2Fdenver-skyline-1.jpg,"Denver, CO",UC Denver University of Colorado Denver
University of Lynchburg,219,https://www.usnews.com/dims4/USNEWS/6544ac4/17177859217/thumbnail/170x170/quality/85/?url=https%3A%2F%2Fmedia.beam.usnews.com%2F28%2Fb85e8e82e41882e60aa7b5e3b1696a%2FRS10882_JEM20130913scc-05.jpg,"Lynchburg, VA",
University of Maine,219,https://www.usnews.com/dims4/USNEWS/d2bcaca/17177859217/thumbnail/170x170/quality/85/?url=https%3A%2F%2Fmedia.beam.usnews.com%2F6b%2F9e2ff6b47373c836f1890e73dd97f0%2F1-UMaine_default.jpg,"Orono, ME",UMaine
University of North Carolina at Greensboro,219,https://www.usnews.com/dims4/USNEWS/f89bbe0/17177859217/thumbnail/170x170/quality/85/?url=https%3A%2F%2Fmedia.beam.usnews.com%2F12%2F0eb548d7adc5526dfe911b42ba1d14%2Fcollege-photo_17858.jpg,"Greensboro, NC",UNC University of North Carolina Greensboro
University of North Carolina--Charlotte,219,https://www.usnews.com/dims4/USNEWS/4a3fe24/17177859217/thumbnail/170x170/quality/85/?url=https%3A%2F%2Fwww.usnews.com%2Fcmsmedia%2F36%2Fbd%2F06f163e14632822728f0b5e3e38e%2Fhero-image.png,"Charlotte, NC",UNC University of North Carolina Charlotte
Widener University,219,https://www.usnews.com/dims4/USNEWS/a9a6ff9/17177859217/thumbnail/170x170/quality/85/?url=https%3A%2F%2Fmedia.beam.usnews.com%2Fe4%2Fdf54d72d141a607c19023cae7908ac%2Fcollege-photo_2538.jpg,"Chester, PA",
Bellarmine University,234,https://www.usnews.com/dims4/USNEWS/ca28054/17177859217/thumbnail/170x170/quality/85/?url=https%3A%2F%2Fmedia.beam.usnews.com%2F63%2F5f27cd66e1a1306e1abfaf33ea3489%2Fcollege-photo_30709.jpg,"Louisville, KY",
The College of St. Scholastica,234,https://www.usnews.com/dims4/USNEWS/56c066b/17177859217/thumbnail/170x170/quality/85/?url=https%3A%2F%2Fmedia.beam.usnews.com%2F4c%2F45c4043912405ffa16b3de69c2b6d2%2FTower_Hall.jpg,"Duluth, MN",College of St Scholastica College of Saint Scholastica
East Carolina University,234,https://www.usnews.com/dims4/USNEWS/c90d6e0/17177859217/thumbnail/170x170/quality/85/?url=https%3A%2F%2Fmedia.beam.usnews.com%2Ff7%2Fe6fd932775828513e474fa972ca3a8%2Fcollege-photo_35377.jpg,"Greenville, NC",ECU
Georgia State University,234,https://www.usnews.com/dims4/USNEWS/dc4b8d0/17177859217/thumbnail/170x170/quality/85/?url=https%3A%2F%2Fmedia.beam.usnews.com%2Fa9%2F5942691c71130f339cc2228fffbdf1%2Fcollege-photo_17339.jpg,"Atlanta, GA",
Maryville University of St. Louis,234,https://www.usnews.com/dims4/USNEWS/6416e3e/17177859217/thumbnail/170x170/quality/85/?url=https%3A%2F%2Fmedia.beam.usnews.com%2Fac%2Fce8b57afbbdb932d07a65999af765e%2Fcollege-photo_4538.jpg,"St Louis, MO",Maryville University of St Louis Maryville University of Saint Louis
Oklahoma City University,234,https://www.usnews.com/dims4/USNEWS/606c9f3/17177859217/thumbnail/170x170/quality/85/?url=https%3A%2F%2Fmedia.beam.usnews.com%2Fde%2Fbff4ad9190a560ce81354439e8c857%2Fcollege-photo_9258.jpg,"Oklahoma City, OK",
Pace University,234,https://www.usnews.com/dims4/USNEWS/e190432/17177859217/thumbnail/170x170/quality/85/?url=https%3A%2F%2Fmedia.beam.usnews.com%2F74%2F8a5382560ae46b6eeb0b2c0ebf1d68%2Fcollege-photo_37306.jpg,"New York, NY",
San Francisco State University,234,https://www.usnews.com/dims4/USNEWS/9c58f80/17177859217/thumbnail/170x170/quality/85/?url=https%3A%2F%2Fmedia.beam.usnews.com%2Fed%2F52f747724892026e785432de62029a%2Fcollege-photo_15186.jpg,"San Francisco, CA",SFSU
St. Catherine University,234,https://www.usnews.com/dims4/USNEWS/dcd66df/17177859217/thumbnail/170x170/quality/85/?url=https%3A%2F%2Fmedia.beam.usnews.com%2Fea%2Ffe8ad4fb36107a96b9c0bba4b9737f%2Fcollege-photo_34176.jpg,"St. Paul, MN",St Catherine University Saint Catherine University
Suffolk University,234,https://www.usnews.com/dims4/USNEWS/dee6a66/17177859217/thumbnail/170x170/quality/85/?url=https%3A%2F%2Fmedia.beam.usnews.com%2Fd8%2Ff6bb467ab77f82f0feef1e028b3be9%2Fcollege-photo_35279.jpg,"Boston, MA",
University of Hartford,234,,"West Hartford, CT",
University of Massachusetts--Boston,234,https://www.usnews.com/dims4/USNEWS/24f3571/17177859217/thumbnail/170x170/quality/85/?url=https%3A%2F%2Fmedia.beam.usnews.com%2F05%2Fd8dafebbabfd2b8e4145176be41aec%2Fcollege-photo_29208.jpg,"Boston, MA",UMass University of Massachusetts Boston
University of Massachusetts--Dartmouth,234,https://www.usnews.com/dims4/USNEWS/b421ea7/17177859217/thumbnail/170x170/quality/85/?url=https%3A%2F%2Fmedia.beam.usnews.com%2Fca%2F3f30ad1ad7cd8ed16df7648d2a1194%2Fcollege-photo_33772.jpg,"North Dartmouth, MA",UMass University of Massachusetts Dartmouth
Western New England University,234,https://www.usnews.com/dims4/USNEWS/8e825ef/17177859217/thumbnail/170x170/quality/85/?url=https%3A%2F%2Fmedia.beam.usnews.com%2F93%2Ff6ca8b441cfe967097bfc4b8bda5c5%2Fcollege-photo_1182.jpg,"Springfield, MA",
West Virginia University,234,https://www.usnews.com/dims4/USNEWS/5ec3d15/17177859217/thumbnail/170x170/quality/85/?url=https%3A%2F%2Fwww.usnews.com%2Fcmsmedia%2F50%2Fc9%2Fc6413bd741b59eca6d0931694544%2Fcropped38206-s-bfp-0455.jpg,"Morgantown, WV",WVU
Wilkes University,234,https://www.usnews.com/dims4/USNEWS/7bde687/17177859217/thumbnail/170x170/quality/85/?url=https%3A%2F%2Fwww.usnews.com%2Fcmsmedia%2F97%2Fa4%2F8128c5b7467ca8fc953a94a82195%2Forigstudentconnect-college.jpg,"Wilkes-Barre, PA",
Abilene Christian University,250,https://www.usnews.com/dims4/USNEWS/5294f41/17177859217/thumbnail/170x170/quality/85/?url=https%3A%2F%2Fmedia.beam.usnews.com%2F29%2F66cf079a8d9a10be0108b57d478603%2Fcollege-photo_36610.jpg,"Abilene, TX",ACU
